variant,impl,bytes,blocks,cycles,instret,fit_a_cycles,fit_b_cycles_per_block,fit_max_residual_pct,one_block_excess_cycles
256,ise-kperm,0,1,88,43,-218.4,280.5,3.486,25.9
256,ise-kperm,136,2,355,136,-218.4,280.5,3.486,25.9
256,ise-kperm,272,3,626,229,-218.4,280.5,3.486,25.9
256,ise-kperm,544,5,1189,415,-218.4,280.5,3.486,25.9
256,ise-kperm,1088,9,2313,787,-218.4,280.5,3.486,25.9
256,ise-kperm,4352,33,9035,3019,-218.4,280.5,3.486,25.9
256,ise-kperm,13056,97,26949,8971,-218.4,280.5,3.486,25.9
256,ise-kperm,30464,225,62913,20875,-218.4,280.5,3.486,25.9
256,ise-shatr,0,1,187,118,-206.2,376.9,6.867,16.3
256,ise-shatr,136,2,588,283,-206.2,376.9,6.867,16.3
256,ise-shatr,272,3,943,448,-206.2,376.9,6.867,16.3
256,ise-shatr,544,5,1698,778,-206.2,376.9,6.867,16.3
256,ise-shatr,1088,9,3203,1438,-206.2,376.9,6.867,16.3
256,ise-shatr,4352,33,12212,5398,-206.2,376.9,6.867,16.3
256,ise-shatr,13056,97,36219,15958,-206.2,376.9,6.867,16.3
256,ise-shatr,30464,225,84658,37078,-206.2,376.9,6.867,16.3
256,mmio-cpu,0,1,152,37,-140.7,303.8,2.299,-11.2
256,mmio-cpu,136,2,478,142,-140.7,303.8,2.299,-11.2
256,mmio-cpu,272,3,780,241,-140.7,303.8,2.299,-11.2
256,mmio-cpu,544,5,1384,439,-140.7,303.8,2.299,-11.2
256,mmio-cpu,1088,9,2592,835,-140.7,303.8,2.299,-11.2
256,mmio-cpu,4352,33,9862,3211,-140.7,303.8,2.299,-11.2
256,mmio-cpu,13056,97,29326,9547,-140.7,303.8,2.299,-11.2
256,mmio-cpu,30464,225,68228,22219,-140.7,303.8,2.299,-11.2
256,mmio-dma,0,1,1824,1216,1536.8,253.0,0.678,34.2
256,mmio-dma,136,2,2048,1261,1536.8,253.0,0.678,34.2
256,mmio-dma,272,3,2307,1304,1536.8,253.0,0.678,34.2
256,mmio-dma,544,5,2783,1390,1536.8,253.0,0.678,34.2
256,mmio-dma,1088,9,3819,1562,1536.8,253.0,0.678,34.2
256,mmio-dma,4352,33,9891,2594,1536.8,253.0,0.678,34.2
256,mmio-dma,13056,97,26066,5346,1536.8,253.0,0.678,34.2
256,mmio-dma,30464,225,58467,10850,1536.8,253.0,0.678,34.2
